{
  "id": "SovrinMainNet",
  "genesisTransactions": "{\"reqSignature\":{},\"txn\":{\"data\":{\"data\":{\"alias\":\"ev1\",\"client_ip\":\"10.0.0.1\",\"client_port\":\"9702\",\"node_ip\":\"10.0.0.2\",\"node_port\":\"9701\",\"services\":[\"VALIDATOR\"]},\"dest\":\"GWgp6huggos5HrzHVDy5xeBkYHxPvrRZzjPNAyJAqpjA\"},\"metadata\":{\"from\":\"J4N1K1SEB8uY2muwmecY5q\"},\"type\":\"0\"},\"txnMetadata\":{\"seqNo\":1,\"txnId\":\"b0c82a3ade3497964cb8034be915da179459287823d92b5717e6d642784c50e6\"},\"ver\":\"1\"}\n{\"reqSignature\":{},\"txn\":{\"data\":{\"data\":{\"alias\":\"zaValidator\",\"client_ip\":\"192.168.0.0\",\"client_port\":\"9702\",\"node_ip\":\"192.168.0.1\",\"node_port\":\"9701\",\"services\":[\"VALIDATOR\"]},\"dest\":\"BnubzSjE3dDVakR77yuJAuDdNajBdsh71ZtWePKhZTWe\"},\"metadata\":{\"from\":\"UoFyxT8BAqotbkhiehxHCn\"},\"type\":\"0\"},\"txnMetadata\":{\"seqNo\":2,\"txnId\":\"d5f775f65e44af60ff69cfbcf4f081cd31a218bf16a941d949339dadd55024d0\"},\"ver\":\"1\"}\n{\"reqSignature\":{},\"txn\":{\"data\":{\"data\":{\"alias\":\"danube\",\"client_ip\":\"10.0.1.1\",\"client_port\":\"9722\",\"node_ip\":\"10.0.1.1\",\"node_port\":\"9721\",\"services\":[\"VALIDATOR\"]},\"dest\":\"476kwEjDj5rxH5ZcmTtgnWqDbAnYJAGGMgX7Sq183VED\"},\"metadata\":{\"from\":\"BrYDA5NubejDVHkCYBbpY5\"},\"type\":\"0\"},\"txnMetadata\":{\"seqNo\":3,\"txnId\":\"ebf340b317c044d970fcd0ca018d8903726fa70c8d8854752cd65e29d443686c\"},\"ver\":\"1\"}",
  "isProduction": true,
  "indyNamespace": "sovrin"
}
